INSERT INTO Customer(ssn, fname, lname, phone, address)
VALUES
('111111111', 	'Dank', 	'Meme', 		'1111111111', 	'1 Main St, Sacramento, CA 95255'			),
('222222222', 	'Shah', 	'Newaz', 	'2222222222', 	'2 Main Street, Stockton, CA 95209'			),
('333333333', 	'Bryce', 	'Aasdf', 	'3333333333', 	'9000 K street, Sacramento, CA 95255'	),
('444444444', 	'John', 	'Smith', 	'4444444444', 	'1 University Ave, Stockton, CA 95209'		),
('555555555', 	'Meme', 	'Squad', 	'5555555555', 	'200 Page Mill Road,Palo Alto, CA 95209'	),
('653298653', 	'Cirque', 	'DuTwerke', 	'1234567890', 	'400 J street, Katy, TX 77493'			);

INSERT INTO Account(acc_no,balance,open_date,atype)
VALUES
('000000001', 			10000.00, 	'1234-12-12', 	'Checking'	),
('000000002', 			11111.00, 	'1234-12-12', 	'Savings'	),
('000000003', 			22222.00, 	'1234-12-12', 	'Checking'	),
('000000004', 			1.00, 		'1234-12-12', 	'Savings'	),
('000000005', 			2.00, 		'1234-12-12', 	'Checking'	),
('000000006', 			3.00, 		'1234-12-12', 	'Savings'	),
('000000007', 			1.00, 		'1234-12-12', 	'Checking'	),
('000000008', 			222.00, 		'1234-12-12', 	'Savings'	),
('000000009', 			33.00, 		'1234-12-12', 	'Checking'	),
('000000010', 			44.00, 		'1234-12-12', 	'Savings'	),
('000000011', 			55.00, 		'1234-12-12', 	'Checking'	),
('000000012', 	        55.00, 		'1234-12-12', 	'Savings'	);


INSERT INTO Owns(ssn,acc_no,own_date)
VALUES
('111111111', 	'000000001', 			'1234-12-12'	),
('222222222', 	'000000002', 			'1234-12-12'	),
('333333333', 	'000000003', 			'1234-12-12'	),
('222222222', 	'000000003', 			'1234-12-12'	),
('333333333', 	'000000002', 			'1234-12-12'	),
('444444444', 	'000000004', 			'1234-12-12'	),
('555555555', 	'000000005', 			'1234-12-12'	),
('653298653', 	'000000006', 			'1234-12-12'	),
('111111111', 	'000000007', 			'1234-12-12'	),
('111111111', 	'000000008', 			'1234-12-12'	),
('222222222', 	'000000009', 			'1234-12-12'	),
('333333333', 	'000000010', 			'1234-12-12'	),
('444444444', 	'000000011', 			'1234-12-12'	),
('333333333', 	'000000012', 	'1234-12-12'	),
('555555555', 	'000000012', 	'1234-12-12'	),
('653298653', 	'000000012', 	'1234-12-12'	);

INSERT INTO Loan(loan_no,amount,ltype)
VALUES
('10000000', 	3000.00, 	'Mortgage'	),
('20000000', 	11000.00, 	'Auto'		),
('30000000', 	1000.00, 	'Student'	),
('40000000', 	44444.00, 	'Personal'	),
('50000000', 	20000.00, 	'Mortgage'	),
('60000000', 	415177.00, 	'Mortgage'	),
('70000000', 	76542.00, 	'Student'	);


INSERT INTO Payment(loan_no, payment_no, amount, method, status, due_date)
VALUES
('10000000', '10000000', 	'1234', 'not know', 'not paid', 	'1234-12-12'	),
('20000000', 	'20000000', 	'0012', 	'Check', 	'Paid', 		'1234-12-12'	),
('30000000', 	'30000000', 	'0034', 	'not know', 'not paid', 	'1234-12-12'	),
('40000000', 	'40000000', 	'0234', 	'Check', 	'Paid', 		'1234-12-12'	),
('50000000', 	'50000000', 	'0124', 	'not know', 'not paid', 	'1234-12-12'	),
('60000000', 	'60000000', 	'0015', 	'Check', 	'Paid', 		'1234-12-12'	);
/*('70000000', 	'70000000' 	'0124', 	'not know', 'not paid', 	'1234-12-12'	);*/
INSERT INTO Borrows (ssn, loan_no) 
VALUES
('111111111', 	'10000000'	),
('222222222', 	'30000000'	),
('333333333', 	'50000000'	),
('444444444', 	'20000000'	),
('444444444', 	'40000000'	),
('555555555', 	'60000000'	),
('653298653', 	'70000000'	);

